<?xml version="1.0"?>
<opencv_storage>
<camera_matrix type_id="opencv-matrix">
  <rows>3</rows>
  <cols>3</cols>
  <dt>d</dt>
  <data>1708.6573486328125 0.0 936.0921630859375 0.0 1737.1904296875 465.18243408203125 0.0 0.0 1.0</data></camera_matrix>
<distortion_coefficients type_id="opencv-matrix">
  <rows>5</rows>
  <cols>1</cols>
  <dt>d</dt>
  <data>-0.3109759986400604 0.24370500445365906 0.011621000245213509 6.800000119255856e-05 -0.15725000202655792</data></distortion_coefficients>
</opencv_storage>
